Chromosome	Start	End	Inversion_ID	Size (kbp)	Inverted_AF	Flanking_inverted_repeat_size.kbp.	Flanking_Inverted_repeat_identity	Toggling_indicating_SNPs	Formation_rate_per_generation_.95..C.I..	Number_recurrent_events_.95..C.I..	Analysed By	Evidence for serial toggling
chr1	13104252	13122521	chr1-13084312-INV-62181	18.27	0.69	60	95%	4 (2.47%)	1.02e-04 [2.72e-05 ,1.21e-04]	13 [7.00 ,13.75]	tiSNPs & haplotype anaylsis	FALSE
chr1	145160434	146154520	chr1-145160435-INV-994087	994.09	0.02	0.68	64%	0 (0%)	1.55e-05 [9.81e-06 ,2.17e-05]	2 [2.00 ,2.00]	tiSNPs & haplotype anaylsis	NA
chr1	146298109	148672872	chr1-146298110-INV-2374764	2,374.76	0.98	0.29	82%	0 (0%)	NA	NA	tiSNPs	NA
chr1	248128773	248428856	chr1-248128774-INV-300084	300.08	0.01	0.11	64%	0 (0%)	6.29e-06 [2.85e-06 ,1.01e-05]	1 [1.00 ,1.00]	tiSNPs & haplotype anaylsis	NA
chr1	25324280	25369060	chr1-25338356-INV-24067	44.78	0.01	62.91	92%	0 (0%)	9.75e-06 [9.61e-06 ,1.01e-05]	1 [1.00 ,1.00]	tiSNPs & haplotype anaylsis	NA
chr1	81650508	81707447	chr1-81642914-INV-66617	56.94	0.01	0.61	68%	0 (0%)	7.83e-06 [5.44e-06 ,1.09e-05]	1 [1.00 ,1.00]	tiSNPs & haplotype anaylsis	NA
chr10	15742803	15760427	chr10-15742645-INV-17942	17.63	0.01	0.26	74%	0 (0%)	7.49e-06 [5.48e-06 ,1.06e-05]	1 [1.00 ,1.00]	tiSNPs & haplotype anaylsis	NA
chr10	46983451	47468232	chr10-46983452-INV-484782	484.78	0.09	0.42	61%	41 (4.64%)	5.90e-05 [3.26e-05 ,7.99e-05]	7 [5.00 ,7.00]	tiSNPs & haplotype anaylsis	FALSE
chr10	79542901	80217413	chr10-79542902-INV-674513	674.51	0.03	50.14	93%	0 (0%)	6.53e-06 [2.96e-06 ,1.04e-05]	1 [1.00 ,1.00]	tiSNPs & haplotype anaylsis	NA
chr11	18249084	18265819	chr11-18246600-INV-21672	16.74	0.01	2.74	66%	0 (0%)	8.74e-06 [4.23e-06 ,9.33e-06]	1 [1.00 ,1.00]	tiSNPs & haplotype anaylsis	NA
chr11	50154999	50324102	chr11-50136371-INV-206505	169.10	0.4	41.72	95%	54 (13.88%)	4.00e-05 [3.28e-05 ,5.71e-05]	8 [6.15 ,9.00]	tiSNPs & haplotype anaylsis	TRUE
chr12	131312081	131644839	chr12-131312082-INV-332759	332.76	0.03	16.82	93%	0 (0%)	1.66e-05 [6.15e-06 ,1.01e-03]	2 [1.00 ,2.00]	tiSNPs & haplotype anaylsis	NA
chr12	131333943	131623807	chr12-131333944-INV-289865	289.87	0.03	8.99	69%	0 (0%)	1.50e-05 [7.85e-06 ,2.19e-05]	2 [2.00 ,2.00]	tiSNPs & haplotype anaylsis	NA
chr12	46896694	46915975	chr12-46897663-INV-16289	19.28	0.06	0.95	65%	0 (0%)	6.57e-06 [5.43e-06 ,7.12e-06]	1 [1.00 ,1.00]	tiSNPs & haplotype anaylsis	NA
chr12	75713180	75731794	chr12-75713181-INV-18615	18.62	0.01	0.21	81%	0 (0%)	8.75e-06 [6.95e-06 ,1.11e-05]	1 [1.00 ,1.00]	tiSNPs & haplotype anaylsis	NA
chr13	52344010	52502256	chr13-52344011-INV-158247	158.25	0.03	26.37	98%	0 (0%)	1.97e-05 [1.26e-05 ,2.53e-05]	3 [3.00 ,3.00]	tiSNPs & haplotype anaylsis	NA
chr13	53902573	54093373	chr13-53902574-INV-190801	190.80	0.01	1.25	72%	0 (0%)	7.07e-06 [4.64e-06 ,1.05e-05]	1 [1.00 ,1.00]	tiSNPs & haplotype anaylsis	NA
chr13	64598737	64616218	chr13-64598738-INV-17482	17.48	0.01	0.32	74%	0 (0%)	9.20e-06 [5.14e-06 ,1.12e-05]	1 [1.00 ,1.00]	tiSNPs & haplotype anaylsis	NA
chr13	79823210	79839670	chr13-79822252-INV-17591	16.46	0.07	6.21	98%	0 (0%)	2.26e-05 [1.85e-05 ,2.75e-05]	3 [3.00 ,3.00]	tiSNPs & haplotype anaylsis	NA
chr14	85872200	85889269	chr14-85872201-INV-17070	17.07	0.01	0.49	62%	0 (0%)	7.87e-06 [6.21e-06 ,1.02e-05]	1 [1.00 ,1.00]	tiSNPs & haplotype anaylsis	NA
chr15	22701127	23213881	chr15-22701128-INV-512754	512.76	0.01	0.3	87%	0 (0%)	NA	NA	tiSNPs	NA
chr15	30618103	32153204	chr15-30618104-INV-1535102	1,535.10	0.11	0.34	74%	6 (0.17%)	2.78e-05 [8.95e-06 ,6.00e-05]	4 [2.00 ,7.00]	tiSNPs & haplotype anaylsis	FALSE
chr15	84373375	84416696	chr15-84373376-INV-43322	43.32	0.56	34.22	99%	5 (3.45%)	5.29e-05 [3.01e-05 ,6.93e-05]	9 [5.30 ,10.00]	tiSNPs & haplotype anaylsis	TRUE
chr16	15384482	16276146	chr16-15384483-INV-891665	891.67	0.01	1.89	96%	0 (0%)	7.40e-06 [3.46e-06 ,1.11e-05]	1 [1.00 ,1.00]	tiSNPs & haplotype anaylsis	NA
chr16	16721273	18073542	chr16-16721274-INV-1352270	1,352.27	0.08	0.37	66%	5 (0.13%)	2.87e-05 [1.50e-05 ,4.84e-05]	4 [3.00 ,5.00]	tiSNPs & haplotype anaylsis	FALSE
chr16	21583511	22432381	chr16-21583512-INV-848871	848.87	0.94	0.6	77%	0 (0%)	4.07e-05 [2.73e-05 ,5.81e-05]	5 [5.00 ,5.00]	tiSNPs & haplotype anaylsis	NA
chr16	21864964	22432381	chr16-21864965-INV-567418	567.42	0.94	0.55	74%	0 (0%)	4.23e-05 [3.15e-05 ,5.97e-05]	5 [5.00 ,5.00]	tiSNPs & haplotype anaylsis	NA
chr16	28471892	28637651	chr16-28471894-INV-165758	165.76	0.36	23.53	98%	4 (1.19%)	4.84e-05 [2.64e-05 ,6.61e-05]	6 [3.27 ,6.00]	tiSNPs & haplotype anaylsis	TRUE
chr16	75206214	75222748	chr16-75204855-INV-19244	16.54	0.84	1.58	98%	0 (0%)	3.27e-05 [1.32e-05 ,4.17e-05]	4 [1.18 ,4.00]	tiSNPs & haplotype anaylsis	NA
chr17	45585159	46292045	chr17-45585160-INV-706887	706.89	0.11	22.41	99%	0(0%)	3.47e-06 [2.71e-06 ,1.03e-05]	1 [1.00 ,1.00]	tiSNPs & haplotype anaylsis	NA
chr17	60035640	60110888	chr17-60019740-INV-107140	75.25	0.09	16.48	71%	0 (0%)	3.14e-05 [1.67e-05 ,3.85e-05]	3 [2.00 ,3.00]	tiSNPs & haplotype anaylsis	NA
chr19	47959660	50091195	chr19-47959661-INV-2131536	2,131.54	0.02	53.68	82%	0 (0%)	1.49e-05 [6.83e-06 ,2.27e-05]	2 [2.00 ,2.00]	tiSNPs & haplotype anaylsis	NA
chr2	108527821	109733036	chr2-108527822-INV-1205216	1,205.22	0.02	0.2	59%	0 (0%)	1.48e-05 [9.10e-06 ,2.30e-05]	2 [2.00 ,2.00]	tiSNPs & haplotype anaylsis	NA
chr2	130138212	131200602	chr2-130138213-INV-1062391	1,062.39	0.02	17.67	96%	0 (0%)	1.34e-05 [5.55e-06 ,2.06e-05]	2 [1.00 ,2.00]	tiSNPs & haplotype anaylsis	NA
chr2	130138212	131530534	chr2-130138213-INV-1392323	1,392.32	0.02	26.59	93%	0 (0%)	1.32e-05 [4.36e-06 ,2.06e-05]	2 [1.00 ,2.00]	tiSNPs & haplotype anaylsis	NA
chr2	45065588	45081777	chr2-45062769-INV-12977	16.19	0.03	6.05	90%	0 (0%)	7.31e-06 [5.99e-06 ,1.25e-05]	1 [1.00 ,1.00]	tiSNPs & haplotype anaylsis	NA
chr2	87995841	88180536	chr2-87995842-INV-184695	184.70	0.01	0.28	81%	0 (0%)	8.07e-06 [5.82e-06 ,9.96e-06]	1 [1.00 ,1.00]	tiSNPs & haplotype anaylsis	NA
chr2	91832040	92012663	chr2-91832041-INV-180624	180.62	0.41	48.31	99%	10 (6.8%)	1.41e-04 [9.31e-05 ,1.85e-04]	19 [10.62 ,19.38]	tiSNPs & haplotype anaylsis	TRUE
chr2	95496989	95579796	chr2-95496991-INV-82806	82.81	0.19	46.94	99%	0 (0%)	6.38e-05 [6.48e-05 ,1.09e-04]	5 [5.10 ,8.90]	tiSNPs & haplotype anaylsis	NA
chr2	95800191	96024403	chr2-95800192-INV-224213	224.21	0.08	49.02	96%	3 (1.59%)	4.08e-05 [2.34e-05 ,6.81e-05]	4 [2.38 ,5.00]	tiSNPs & haplotype anaylsis	FALSE
chr20	25846148	26009643	chr20-25846149-INV-163496	163.50	0.17	58.89	99%	0 (0%)	4.66e-05 [3.14e-05 ,7.39e-05]	7 [5.00 ,9.00]	tiSNPs & haplotype anaylsis	NA
chr20	47841016	47888238	chr20-47827034-INV-77611	47.22	0.01	18.01	83%	0 (0%)	8.06e-06 [6.08e-06 ,1.06e-05]	1 [1.00 ,1.00]	tiSNPs & haplotype anaylsis	NA
chr21	13987773	14056796	chr21-13992018-INV-65632	69.02	0.03	12.46	88%	0 (0%)	7.76e-06 [5.72e-06 ,9.70e-06]	1 [1.00 ,1.00]	tiSNPs & haplotype anaylsis	NA
chr21	19877734	20070170	chr21-19877735-INV-192437	192.44	0.01	1.24	61%	0 (0%)	6.96e-06 [4.47e-06 ,1.00e-05]	1 [1.00 ,1.00]	tiSNPs & haplotype anaylsis	NA
chr21	43821742	43835116	chr21-43821743-INV-13374	13.38	0.01	0.25	61%	0 (0%)	7.63e-06 [5.67e-06 ,9.98e-06]	1 [1.00 ,1.00]	tiSNPs & haplotype anaylsis	NA
chr22	21443089	21491761	chr22-21442678-INV-15944	48.67	0.67	47.43	99%	1 (2.7%)	1.06e-05 [1.12e-05 ,6.64e-05]	1 [1.05 ,4.85]	tiSNPs & haplotype anaylsis	NA
chr3	195692124	195956606	chr3-195680867-INV-272256	264.48	0.26	47.96	86%	68 (6.48%)	NA	NA	tiSNPs	NA
chr3	195749463	195980207	chr3-195749464-INV-230745	230.75	0.26	0.36	73%	34 (4.22%)	4.22e-05 [2.29e-05 ,8.37e-05]	5 [3.00 ,9.00]	tiSNPs & haplotype anaylsis	TRUE
chr4	87926011	87937547	chr4-87925789-INV-11799	11.54	0.81	0.47	94%	0 (0%)	NA	NA	tiSNPs	NA
chr5	112179911	112236600	chr5-112179912-INV-56689	56.69	0.01	0.32	82%	0 (0%)	7.48e-06 [4.95e-06 ,1.04e-05]	1 [1.00 ,1.00]	tiSNPs & haplotype anaylsis	NA
chr5	124425560	124546657	chr5-124425561-INV-121098	121.10	0.01	0.27	70%	0 (0%)	7.30e-06 [4.69e-06 ,1.09e-05]	1 [1.00 ,1.00]	tiSNPs & haplotype anaylsis	NA
chr5	177946129	178003952	chr5-177946130-INV-57824	57.82	0.01	0.3	83%	0 (0%)	8.27e-06 [2.91e-06 ,1.14e-05]	1 [1.00 ,1.00]	tiSNPs & haplotype anaylsis	NA
chr6	141866310	141898728	chr6-141867315-INV-29159	32.42	0.05	0.69	77%	0 (0%)	9.50e-06 [5.31e-06 ,1.03e-05]	1 [1.00 ,1.00]	tiSNPs & haplotype anaylsis	NA
chr6	167209001	167357782	chr6-167181003-INV-209976	148.78	0.03	23.91	89%	0 (0%)	6.61e-06 [1.98e-06 ,1.08e-05]	1 [1.00 ,1.00]	tiSNPs & haplotype anaylsis	NA
chr6	76109081	76158474	chr6-76111919-INV-44661	49.39	0.03	3.72	73%	0 (0%)	7.51e-06 [5.61e-06 ,8.71e-06]	1 [1.00 ,1.00]	tiSNPs & haplotype anaylsis	NA
chr7	143716562	143750998	chr7-143716563-INV-34437	34.44	0.33	0.33	76%	0 (0%)	6.90e-05 [3.35e-05 ,8.96e-05]	8 [2.30 ,8.85]	tiSNPs & haplotype anaylsis	NA
chr7	33990735	34010143	chr7-33990522-INV-19762	19.41	0.01	0.29	67%	0 (0%)	9.69e-06 [8.50e-06 ,1.18e-05]	1 [1.00 ,1.00]	tiSNPs & haplotype anaylsis	NA
chr7	54234014	54308393	chr7-54220528-INV-101153	74.38	0.62	15.91	97%	0 (0%)	1.67e-05 [7.95e-06 ,2.78e-05]	3 [1.43 ,4.57]	tiSNPs & haplotype anaylsis	NA
chr7	57641572	57838971	chr7-57641573-INV-197400	197.40	0.1	25.72	99%	0 (0%)	3.76e-05 [2.75e-05 ,5.63e-05]	6 [6.00 ,6.00]	tiSNPs & haplotype anaylsis	NA
chr7	57835188	58119653	chr7-57835189-INV-284465	284.47	0.02	0	0%	0 (0%)	1.22e-05 [9.05e-06 ,1.59e-05]	2 [2.00 ,2.00]	tiSNPs & haplotype anaylsis	NA
chr7	5989046	6735643	chr7-5989047-INV-746598	746.60	0.1	60.04	98%	33 (1.75%)	5.06e-05 [3.14e-05 ,8.15e-05]	7 [6.00 ,8.00]	tiSNPs & haplotype anaylsis	FALSE
chr7	60911891	61578023	chr7-60911892-INV-666133	666.13	0.52	33.66	99%	100 (13.77%)	6.54e-05 [4.90e-05 ,8.69e-05]	16 [14.10 ,20.00]	tiSNPs & haplotype anaylsis	TRUE
chr7	65219157	65531823	chr7-65219158-INV-312667	312.67	0.33	15.02	97%	1 (0.13%)	3.18e-05 [1.67e-05 ,6.63e-05]	5 [3.00 ,8.00]	tiSNPs & haplotype anaylsis	TRUE
chr7	70961198	70973901	chr7-70955928-INV-18020	12.70	0.64	0.35	67%	0 (0%)	7.55e-06 [7.38e-06 ,1.07e-05]	1 [1.00 ,1.00]	tiSNPs & haplotype anaylsis	NA
chr7	73113989	74799029	chr7-73113990-INV-1685041	1,685.04	0.05	0.75	80%	19 (0.93%)	2.62e-05 [1.36e-05 ,4.33e-05]	3 [2.00 ,4.00]	tiSNPs & haplotype anaylsis	FALSE
chr7	74869950	75058098	chr7-74799031-INV-480422	188.15	0.1	43.32	95%	1 (0.53%)	5.70e-05 [1.26e-05 ,7.79e-05]	6 [1.90 ,6.00]	tiSNPs & haplotype anaylsis	TRUE
chr7	97445822	97459601	chr7-97445827-INV-13775	13.78	0.02	0.32	74%	0 (0%)	1.01e-05 [7.39e-06 ,1.29e-05]	1 [1.00 ,1.00]	tiSNPs & haplotype anaylsis	NA
chr8	2343351	2378385	chr8-2340295-INV-42058	35.04	0.51	55.88	99%	32 (12.36%)	1.13e-04 [3.30e-05 ,1.53e-04]	17 [3.40 ,17.00]	tiSNPs & haplotype anaylsis	TRUE
chr8	7301024	12598379	chr8-7301025-INV-5297356	5,297.36	0.5	1.04	86%	1366 (9.23%)	1.11e-04 [2.28e-05 ,1.60e-04]	15 [4.75 ,17.00]	tiSNPs & haplotype anaylsis	TRUE
chr9	123979106	123991038	chr9-123976301-INV-18001	11.93	0.52	2.73	99%	1 (2.86%)	NA	NA	tiSNPs	NA
chr9	87942696	88110274	chr9-87942698-INV-167577	167.58	0.01	29.94	98%	0 (0%)	7.58e-06 [2.69e-06 ,1.09e-05]	1 [1.00 ,1.00]	tiSNPs & haplotype anaylsis	NA
chrX	101602193	101611599	chrX-101597550-INV-18696	9.41	0.59	4.55	97%	1 (10%)	NA	NA	tiSNPs	NA
chrX	103989434	104049428	chrX-103954976-INV-128112	60.00	0.63	49.52	94%	2 (2.67%)	5.80e-05 [3.08e-05 ,6.51e-05]	5 [2.22 ,5.00]	tiSNPs & haplotype anaylsis	TRUE
chrX	120087101	120149199	chrX-120080219-INV-75364	62.10	0.25	48.96	99%	0 (0%)	5.41e-05 [2.08e-05 ,7.81e-05]	5 [1.97 ,5.00]	tiSNPs & haplotype anaylsis	NA
chrX	135165183	135207322	chrX-135116507-INV-139642	42.14	0.4	43	99%	0 (0%)	9.80e-05 [5.70e-05 ,1.03e-04]	7 [3.15 ,7.00]	tiSNPs & haplotype anaylsis	NA
chrX	135623647	135665679	chrX-135619381-INV-52316	42.03	0.06	15.67	85%	0 (0%)	3.90e-05 [2.05e-05 ,5.02e-05]	3 [2.00 ,3.00]	tiSNPs & haplotype anaylsis	NA
chrX	141110160	141232877	chrX-141110161-INV-122718	122.72	0.11	0.35	59%	0 (0%)	5.84e-05 [2.59e-05 ,8.28e-05]	5 [3.53 ,5.00]	tiSNPs & haplotype anaylsis	NA
chrX	149599490	149655967	chrX-149599491-INV-56477	56.48	0.08	0.12	62%	3 (5.17%)	3.51e-05 [2.34e-05 ,4.70e-05]	3 [2.00 ,3.00]	tiSNPs & haplotype anaylsis	FALSE
chrX	149681035	149722249	chrX-149654273-INV-94882	41.22	0.61	28.37	98%	7 (15.56%)	8.50e-05 [7.80e-05 ,1.21e-04]	9 [7.25 ,9.88]	tiSNPs & haplotype anaylsis	TRUE
chrX	149747302	149768782	chrX-149747303-INV-21480	21.48	0.08	0.53	76%	0 (0%)	NA	NA	tiSNPs	NA
chrX	153149748	153250226	chrX-153067814-INV-226118	100.48	0.6	42.88	99%	46 (20%)	5.73e-05 [4.01e-05 ,6.24e-05]	6 [6.00 ,6.00]	tiSNPs & haplotype anaylsis	TRUE
chrX	154347246	154384867	chrX-154339398-INV-53354	37.62	0.44	11.39	98%	1 (2.13%)	6.13e-05 [5.42e-05 ,9.36e-05]	4 [4.00 ,4.92]	tiSNPs & haplotype anaylsis	FALSE
chrX	154591327	154613096	chrX-154555919-INV-93915	21.77	0.43	35.74	99%	1 (5.56%)	4.95e-05 [4.75e-05 ,7.85e-05]	3 [3.00 ,5.85]	tiSNPs & haplotype anaylsis	TRUE
chrX	155386727	155453982	chrX-155366835-INV-100636	67.26	0.15	50.58	98%	1 (1.25%)	5.77e-05 [4.47e-05 ,6.59e-05]	5 [5.00 ,5.00]	tiSNPs & haplotype anaylsis	TRUE
chrX	51692963	51700363	chrX-51667498-INV-58316	7.40	0.68	1.21	95%	0 (0%)	3.07e-05 [3.07e-05 ,3.07e-05]	2 [2.00 ,2.00]	tiSNPs & haplotype anaylsis	NA
chrX	52077120	52176974	chrX-52040360-INV-173922	99.86	0.36	36.41	99%	14 (4.71%)	5.42e-05 [2.33e-05 ,1.03e-04]	6 [5.40 ,11.00]	tiSNPs & haplotype anaylsis	TRUE
chrX	71702806	71778386	chrX-71702807-INV-75580	75.58	0.41	29.71	99%	0 (0%)	NA	NA	tiSNPs	NA
chrX	72997772	73077479	chrX-72996081-INV-91407	79.71	0.2	9.6	98%	16 (13.11%)	5.48e-05 [2.88e-05 ,5.98e-05]	6 [2.60 ,6.00]	tiSNPs & haplotype anaylsis	TRUE
chrX	76146153	76148949	chrX-76141867-INV-11379	2.80	0.52	4.38	98%	2 (50%)	NA	NA	tiSNPs	NA
chr1	21203917	21204602	chr1-21203898-INV-862	0.69	0.06	0.97	69%	0 (0%)	NA	NA	tiSNPs	NA
chr1	26641622	26646431	chr1-26639853-INV-8324	4.81	0.99	4.69	78%	0 (0%)	NA	NA	tiSNPs	NA
chr1	60776841	60778677	chr1-60775308-INV-5023	1.84	0.08	4.31	95%	0 (0%)	2.45e-05 [2.45e-05 ,2.45e-05]	3 [3.00 ,3.00]	tiSNPs & haplotype anaylsis	NA
chr1	91666232	91667085	chr1-91666258-INV-840	0.85	0.1	0.28	80%	0 (0%)	NA	NA	tiSNPs	NA
chr1	120299058	120600965	chr1-120299059-INV-301908	301.91	0.84	68.38	99%	0 (0%)	NA	NA	tiSNPs	NA
chr1	149843518	149850293	chr1-149842162-INV-9508	6.78	0.61	36.09	85%	0 (0%)	3.29e-05 [1.03e-05 ,3.49e-05]	3 [1.10 ,3.00]	tiSNPs & haplotype anaylsis	NA
chr1	197787659	197788856	chr1-197787661-INV-1197	1.20	0.09	0.53	60%	0 (0%)	NA	NA	tiSNPs	NA
chr10	4983056	4984361	chr10-4961364-INV-47135	1.31	0.08	43.7	78%	0 (0%)	1.26e-05 [1.26e-05 ,1.26e-05]	2 [2.00 ,2.00]	tiSNPs & haplotype anaylsis	NA
chr10	37105149	37111121	chr10-37102555-INV-11157	5.97	0.48	2.77	97%	0 (0%)	NA	NA	tiSNPs	NA
chr10	71066858	71067726	chr10-71065991-INV-2615	0.87	0.05	0.99	91%	0 (0%)	NA	NA	tiSNPs	NA
chr10	73657969	73660146	chr10-73657970-INV-2177	2.18	0.1	0.67	85%	0 (0%)	NA	NA	tiSNPs	NA
chr10	87308005	87425030	chr10-87308006-INV-117026	117.03	0.02	51.59	99%	0 (0%)	NA	NA	tiSNPs	NA
chr10	91443587	91446029	chr10-91440445-INV-8733	2.44	0.85	13.44	80%	0 (0%)	NA	NA	tiSNPs	NA
chr10	103205557	103205994	chr10-103197205-INV-9055	0.44	0.06	0.86	63%	0 (0%)	NA	NA	tiSNPs	NA
chr11	311836	317944	chr11-310146-INV-10302	6.11	0.73	4.17	71%	0 (0%)	NA	NA	tiSNPs	NA
chr11	738649	740185	chr11-738460-INV-2650	1.54	0.03	0.75	68%	0 (0%)	NA	NA	tiSNPs	NA
chr11	48888300	48892127	chr11-48880392-INV-19590	3.83	0.34	16.17	82%	1 (10%)	NA	NA	tiSNPs	NA
chr11	71571819	71576724	chr11-71571191-INV-6980	4.91	0.03	7.06	84%	0 (0%)	1.56e-05 [6.52e-06 ,1.91e-05]	2 [1.05 ,2.00]	tiSNPs & haplotype anaylsis	NA
chr12	37705668	37737662	chr12-37705669-INV-31994	31.99	0.02	45.96	62%	0 (0%)	NA	NA	tiSNPs	NA
chr12	71546200	71547738	chr12-71546144-INV-1652	1.54	0.09	0.26	72%	1 (14.29%)	NA	NA	tiSNPs	NA
chr13	37315207	37317760	chr13-37314466-INV-4035	2.55	0.11	0.75	99%	0 (0%)	NA	NA	tiSNPs	NA
chr13	48199250	48206639	chr13-48199211-INV-7451	7.39	0.02	0.47	62%	0 (0%)	9.54e-06 [9.75e-06 ,1.78e-05]	1 [1.02 ,1.98]	tiSNPs & haplotype anaylsis	NA
chr14	34547864	34555230	chr14-34540582-INV-21874	7.37	0.45	7.25	99%	0 (0%)	NA	NA	tiSNPs	NA
chr14	60606118	60611659	chr14-60604531-INV-8718	5.54	0.18	1.6	99%	0 (0%)	9.39e-06 [8.40e-06 ,1.04e-05]	1 [1.00 ,1.00]	tiSNPs & haplotype anaylsis	NA
chr14	65375818	65376683	chr14-65375818-INV-880	0.87	0.29	0.71	73%	0 (0%)	NA	NA	tiSNPs	NA
chr14	105693931	105698385	chr14-105692001-INV-7875	4.45	0.67	2.16	93%	0 (0%)	NA	NA	tiSNPs	NA
chr15	23345459	28389868	chr15-23345460-INV-5044410	5,044.41	0.01	1.34	81%	0 (0%)	8.36e-06 [5.02e-06 ,1.26e-05]	1 [1.00 ,1.00]	tiSNPs & haplotype anaylsis	NA
chr16	1245200	1247503	chr16-1226779-INV-28828	2.30	0.93	9.28	94%	0 (0%)	NA	NA	tiSNPs	NA
chr16	35946683	35952382	chr16-35945424-INV-12423	5.70	0.97	6.21	77%	0 (0%)	1.04e-05 [9.59e-06 ,1.12e-05]	1 [1.00 ,1.00]	tiSNPs & haplotype anaylsis	NA
chr16	48616945	48617439	chr16-48616946-INV-494	0.49	0.34	0.27	68%	0 (0%)	NA	NA	tiSNPs	NA
chr16	85155339	85156001	chr16-85155144-INV-1053	0.66	0.58	0.32	78%	0 (0%)	NA	NA	tiSNPs	NA
chr17	30621881	30625589	chr17-30616357-INV-14733	3.71	0.5	5.76	99%	1 (11.11%)	NA	NA	tiSNPs	NA
chr17	76181937	76182932	chr17-76181651-INV-1551	1.00	0.1	1.78	62%	0 (0%)	NA	NA	tiSNPs	NA
chr18	12145103	12146503	chr18-12141485-INV-8631	1.40	0.75	4.13	65%	0 (0%)	NA	NA	tiSNPs	NA
chr19	43365871	43369065	chr19-43355096-INV-25294	3.19	0.01	16.65	71%	0 (0%)	NA	NA	tiSNPs	NA
chr2	87987171	111255403	chr2-87987172-INV-23268233	23,268.23	0.01	0.34	81%	0 (0%)	7.64e-06 [4.93e-06 ,1.03e-05]	1 [1.00 ,1.00]	tiSNPs & haplotype anaylsis	NA
chr2	97168744	97170236	chr2-97168745-INV-1492	1.49	0.08	1.49	92%	0 (0%)	NA	NA	tiSNPs	NA
chr2	138247429	138251774	chr2-138246733-INV-5010	4.35	0.73	0.76	99%	0 (0%)	NA	NA	tiSNPs	NA
chr2	215962718	215963440	chr2-215962719-INV-722	0.72	0.11	0.23	67%	0 (0%)	NA	NA	tiSNPs	NA
chr2	222149224	222149582	chr2-222147677-INV-3251	0.36	0.01	4.41	84%	0 (0%)	NA	NA	tiSNPs	NA
chr20	10807797	10808434	chr20-10807400-INV-1454	0.64	0.41	1.45	66%	0 (0%)	NA	NA	tiSNPs	NA
chr20	24397726	24406144	chr20-24397727-INV-8419	8.42	0.01	0.15	66%	0 (0%)	4.50e-06 [4.14e-06 ,4.86e-06]	1 [1.00 ,1.00]	tiSNPs & haplotype anaylsis	NA
chr20	28495291	28508286	chr20-28495292-INV-12996	13.00	0.87	4.82	77%	0 (0%)	NA	NA	tiSNPs	NA
chr21	26001836	26002391	chr21-26001839-INV-547	0.56	0.8	0.36	72%	0 (0%)	NA	NA	tiSNPs	NA
chr21	26648368	26649407	chr21-26648370-INV-1039	1.04	0.57	0.68	75%	0 (0%)	NA	NA	tiSNPs	NA
chr22	23969582	23971740	chr22-23968095-INV-5062	2.16	0.17	39.66	90%	0 (0%)	NA	NA	tiSNPs	NA
chr3	26316193	26317447	chr3-26315757-INV-2108	1.25	0.03	2.87	68%	0 (0%)	NA	NA	tiSNPs	NA
chr3	75454477	75455715	chr3-75454478-INV-1238	1.24	0.03	0.84	67%	0 (0%)	1.04e-05 [1.05e-05 ,1.64e-05]	1 [1.02 ,1.98]	tiSNPs & haplotype anaylsis	NA
chr3	131969227	131977820	chr3-131969892-INV-7927	8.59	0.11	1.93	66%	0 (0%)	NA	NA	tiSNPs	NA
chr4	33098066	33104924	chr4-33098029-INV-7075	6.86	0.03	0.3	74%	0 (0%)	1.01e-05 [7.67e-06 ,1.15e-05]	1 [1.00 ,1.00]	tiSNPs & haplotype anaylsis	NA
chr4	145693552	145694748	chr4-145693640-INV-908	1.20	0.66	0.59	66%	0 (0%)	NA	NA	tiSNPs	NA
chr5	16978658	16979397	chr5-16979045-INV-519	0.74	0.06	0.82	77%	0 (0%)	2.31e-05 [2.06e-05 ,2.56e-05]	3 [3.00 ,3.00]	tiSNPs & haplotype anaylsis	NA
chr5	46896906	46915828	chr5-46896907-INV-18922	18.92	0.77	0.19	59%	0 (0%)	NA	NA	tiSNPs	NA
chr5	64470920	64477089	chr5-64466170-INV-15635	6.17	0.73	16	68%	1 (5.26%)	NA	NA	tiSNPs	NA
chr5	64470928	64475118	chr5-64470929-INV-4190	4.19	0.74	16.01	68%	0 (0%)	NA	NA	tiSNPs	NA
chr5	179643529	179651253	chr5-179633880-INV-24659	7.72	0.99	9.55	68%	0 (0%)	7.75e-06 [7.04e-06 ,1.08e-05]	1 [1.00 ,1.00]	tiSNPs & haplotype anaylsis	NA
chr6	26736772	26739621	chr6-26736773-INV-2849	2.85	0.43	38.35	97%	0 (0%)	NA	NA	tiSNPs	NA
chr6	89213914	89214230	chr6-89213913-INV-300	0.32	0.55	0.44	66%	0 (0%)	NA	NA	tiSNPs	NA
chr6	123106049	123109821	chr6-123106042-INV-3793	3.77	0.03	3.27	63%	0 (0%)	9.02e-06 [8.06e-06 ,9.48e-06]	1 [1.00 ,1.00]	tiSNPs & haplotype anaylsis	NA
chr6	130527041	130531150	chr6-130527042-INV-4267	4.11	0.16	0.33	65%	0 (0%)	NA	NA	tiSNPs	NA
chr7	40839776	40840871	chr7-40839738-INV-1134	1.10	0.51	0.22	72%	0 (0%)	NA	NA	tiSNPs	NA
chr7	47614508	47615262	chr7-47614229-INV-1139	0.75	0.19	0.62	73%	0 (0%)	NA	NA	tiSNPs	NA
chr7	60898864	60908951	chr7-60898865-INV-10087	10.09	0.27	0.63	92%	0 (0%)	NA	NA	tiSNPs	NA
chr7	63356275	63388165	chr7-63356276-INV-31891	31.89	0.4	65.64	99%	4 (10.26%)	NA	NA	tiSNPs	NA
chr7	67019303	67020338	chr7-67019304-INV-851	1.04	0.1	0.73	74%	0 (0%)	NA	NA	tiSNPs	NA
chr7	143808752	143818413	chr7-143808753-INV-9661	9.66	0.32	0.94	99%	0 (0%)	NA	NA	tiSNPs	NA
chr8	102423403	102423638	chr8-102423262-INV-520	0.24	0.31	0.36	84%	0 (0%)	NA	NA	tiSNPs	NA
chr8	102880337	102881094	chr8-102880338-INV-757	0.76	0.03	0.59	72%	0 (0%)	NA	NA	tiSNPs	NA
chr9	30952354	30956484	chr9-30951702-INV-5595	4.13	0.02	3.71	63%	0 (0%)	1.57e-05 [1.45e-05 ,1.66e-05]	2 [2.00 ,2.00]	tiSNPs & haplotype anaylsis	NA
chr9	64028785	64068456	chr9-64028786-INV-39671	39.67	0.98	2.28	95%	0 (0%)	NA	NA	tiSNPs	NA
chr9	85797070	85801040	chr9-85796067-INV-6026	3.97	0.01	1.2	96%	0 (0%)	5.41e-06 [5.41e-06 ,5.41e-06]	1 [1.00 ,1.00]	tiSNPs & haplotype anaylsis	NA
chr9	91958957	91959591	chr9-91958952-INV-763	0.63	0.09	0.38	66%	0 (0%)	NA	NA	tiSNPs	NA
chr9	102565838	102570277	chr9-102565835-INV-4446	4.44	0.07	0.97	62%	0 (0%)	NA	NA	tiSNPs	NA
chr9	113111686	113112886	chr9-113105213-INV-14149	1.20	0.6	6.86	98%	0 (0%)	NA	NA	tiSNPs	NA
chrX	6219005	6220343	chrX-6219014-INV-1337	1.34	0.51	0.21	66%	0 (0%)	NA	NA	tiSNPs	NA
chrX	14711416	14713197	chrX-14711418-INV-1780	1.78	0.03	0.76	70%	0 (0%)	NA	NA	tiSNPs	NA
chrX	45689038	45691227	chrX-45687777-INV-4877	2.19	0.02	1.45	98%	0 (0%)	NA	NA	tiSNPs	NA
chrX	52502274	52510614	chrX-52492352-INV-19975	8.34	0.78	31.01	97%	0 (0%)	NA	NA	tiSNPs	NA
chrX	55480141	55493063	chrX-55480174-INV-12894	12.92	0.44	26.68	99%	3 (23.08%)	NA	NA	tiSNPs	NA
chrX	102338170	102348934	chrX-102317111-INV-52896	10.76	0.56	60	99%	6 (50%)	NA	NA	tiSNPs	NA
chrX	135765135	135776630	chrX-135718085-INV-149049	11.50	0.9	8.59	94%	0 (0%)	NA	NA	tiSNPs	NA
chrX	153074418	153075612	chrX-153066070-INV-17879	1.19	0.49	8.47	99%	0 (0%)	NA	NA	tiSNPs	NA
chr1	13190914	13324586	chr1-13190915-INV-133672	133.67	0.03	12.5	94%	0 (0%)	NA	NA	tiSNPs	NA
chr1	43593641	43594291	chr1-43593626-INV-710	0.65	0.69	0.33	78%	NA	NA	NA	None	NA
chr1	108310642	108383736	chr1-108311808-INV-57118	73.09	0.57	60.01	99%	3 (1.44%)	1.84e-05 [1.84e-05 ,1.94e-05]	5 [5.02 ,5.97]	tiSNPs & haplotype anaylsis	TRUE
chr1	144376209	144600799	chr1-144376210-INV-224591	224.59	0.61	59.37	97%	0 (0%)	1.05e-05 [1.15e-05 ,3.27e-05]	1 [1.10 ,3.95]	tiSNPs & haplotype anaylsis	NA
chr1	148893781	149265643	chr1-148893782-INV-371863	371.86	0.7	40.84	99%	0 (0%)	6.20e-05 [2.67e-05 ,6.86e-05]	6 [2.22 ,6.00]	tiSNPs & haplotype anaylsis	NA
chr1	227499209	227502113	chr1-227492704-INV-15726	2.90	0.14	9.82	89%	0 (0%)	NA	NA	tiSNPs	NA
chr1	248518572	248529489	chr1-248517894-INV-12881	10.92	0.7	59.62	97%	0 (0%)	5.12e-05 [2.02e-05 ,7.32e-05]	7 [3.60 ,7.85]	tiSNPs & haplotype anaylsis	NA
chr10	46144703	46204851	chr10-46135869-INV-77646	60.15	0.06	11.29	97%	0 (0%)	1.70e-05 [8.39e-06 ,2.24e-05]	2 [1.00 ,2.00]	tiSNPs & haplotype anaylsis	NA
chr10	46769328	46857141	chr10-46769329-INV-87814	87.81	0.06	0.29	81%	0 (0%)	NA	NA	tiSNPs	NA
chr10	47480263	47546423	chr10-47480264-INV-66161	66.16	0.03	0.35	69%	0 (0%)	NA	NA	tiSNPs	NA
chr10	47649265	47756785	chr10-47649266-INV-107520	107.52	0.06	0.35	80%	0 (0%)	NA	NA	tiSNPs	NA
chr10	47983093	48044442	chr10-47983094-INV-61350	61.35	0.03	0.37	67%	0 (0%)	NA	NA	tiSNPs	NA
chr10	55007431	55013434	chr10-55007454-INV-5370	6.00	0.09	0.19	62%	0 (0%)	2.02e-05 [2.02e-05 ,1.89e-04]	3 [1.00 ,8.00]	tiSNPs & haplotype anaylsis	NA
chr10	65465445	65470067	chr10-65465442-INV-4580	4.62	0.01	0.44	62%	0 (0%)	7.91e-06 [3.66e-06 ,8.90e-06]	1 [1.00 ,1.00]	tiSNPs & haplotype anaylsis	NA
chr10	113411933	113412252	chr10-113411929-INV-356	0.32	0.1	0.33	69%	NA	NA	NA	None	NA
chr10	131619777	131620717	chr10-131619519-INV-1521	0.94	0.06	1.67	59%	0 (0%)	NA	NA	tiSNPs	NA
chr10	133657262	133787421	chr10-133657263-INV-130160	130.16	0.07	0.29	72%	0 (0%)	NA	NA	tiSNPs	NA
chr11	1667460	1683267	chr11-1661292-INV-24445	15.81	0.5	7.64	74%	0 (0%)	NA	NA	tiSNPs	NA
chr11	4271709	4289557	chr11-4271710-INV-17848	17.85	0.86	56.01	86%	0 (0%)	NA	NA	tiSNPs	NA
chr11	24263179	24266246	chr11-24263185-INV-392	3.07	0.05	0.13	61%	0 (0%)	NA	NA	tiSNPs	NA
chr11	55662739	55666690	chr11-55662740-INV-3952	3.95	0.17	0.13	61%	0 (0%)	NA	NA	tiSNPs	NA
chr11	62093043	62102999	chr11-62094124-INV-7773	9.96	0.45	9.96	91%	0 (0%)	2.31e-05 [2.31e-05 ,2.31e-05]	2 [2.00 ,2.00]	tiSNPs & haplotype anaylsis	NA
chr11	66251227	66252453	chr11-66251212-INV-1252	1.23	0.21	0.84	49%	NA	NA	NA	None	NA
chr11	89920623	89923848	chr11-89920625-INV-3224	3.23	0.53	48.7	99%	3 (25%)	3.36e-05 [3.38e-05 ,4.11e-05]	5 [5.05 ,6.95]	tiSNPs & haplotype anaylsis	TRUE
chr12	13392624	13397634	chr12-13392052-INV-6162	5.01	0.59	3.83	69%	NA	NA	NA	None	NA
chr13	52310302	52320954	chr13-52310303-INV-10653	10.65	0.02	0.35	78%	0 (0%)	7.75e-06 [7.96e-06 ,1.60e-05]	1 [1.02 ,1.98]	tiSNPs & haplotype anaylsis	NA
chr13	63727377	63820968	chr13-63717417-INV-120779	93.59	0.05	0.3	81%	0 (0%)	2.27e-05 [1.18e-05 ,2.52e-05]	3 [2.00 ,3.00]	tiSNPs & haplotype anaylsis	NA
chr13	97456283	97456722	chr13-97456279-INV-437	0.44	0.12	0.29	70%	NA	NA	NA	None	NA
chr14	18862645	19659006	chr14-18862646-INV-796362	796.36	0.19	7.9	99%	0 (0%)	NA	NA	tiSNPs	NA
chr14	105573622	105577544	chr14-105571550-INV-8996	3.92	0.17	2.26	93%	0 (0%)	NA	NA	tiSNPs	NA
chr15	23295576	23318191	chr15-23295577-INV-22616	22.62	0.69	14.37	99%	0 (0%)	1.81e-05 [1.09e-05 ,3.66e-05]	5 [1.40 ,5.00]	tiSNPs & haplotype anaylsis	NA
chr15	28298424	28623514	chr15-28298425-INV-325091	325.09	0.08	15.41	93%	0 (0%)	NA	NA	tiSNPs	NA
chr15	30436458	30529803	chr15-30434572-INV-97097	93.35	0.17	58.39	99%	0 (0%)	NA	NA	tiSNPs	NA
chr15	32477828	32571283	chr15-32475961-INV-97199	93.46	0.02	36.26	98%	0 (0%)	NA	NA	tiSNPs	NA
chr15	82330918	82357797	chr15-82330919-INV-26880	26.88	0.19	0.36	76%	0 (0%)	NA	NA	tiSNPs	NA
chr15	82360482	82515134	chr15-82360483-INV-154653	154.65	0.08	27.71	93%	0 (0%)	2.42e-05 [2.08e-05 ,3.23e-05]	3 [3.00 ,3.00]	tiSNPs & haplotype anaylsis	NA
chr16	14907775	15028479	chr16-14907776-INV-120705	120.70	0.43	1.56	64%	3 (2.13%)	1.48e-04 [1.04e-05 ,1.53e-04]	11 [1.10 ,11.00]	tiSNPs & haplotype anaylsis	NA
chr16	14954790	15100859	chr16-15028481-INV-133352	146.07	0.77	33.43	79%	5 (2.23%)	2.64e-05 [1.91e-05 ,8.32e-05]	3 [3.00 ,8.00]	tiSNPs & haplotype anaylsis	TRUE
chr16	18337348	18356673	chr16-18337349-INV-19325	19.33	0.27	1.07	70%	0 (0%)	NA	NA	tiSNPs	NA
chr16	20506046	20521893	chr16-20506047-INV-15848	15.85	0.14	44.12	93%	0 (0%)	NA	NA	tiSNPs	NA
chr16	28709344	28776487	chr16-28709345-INV-67143	67.14	0.23	0.41	74%	0 (0%)	NA	NA	tiSNPs	NA
chr16	32364220	32528442	chr16-32364221-INV-164223	164.22	0.12	0.05	76%	0 (0%)	NA	NA	tiSNPs	NA
chr16	32755978	32879590	chr16-32755979-INV-123613	123.61	0.36	0.18	58%	0 (0%)	NA	NA	tiSNPs	NA
chr16	32991171	33102750	chr16-32991172-INV-111580	111.58	0.35	0.29	74%	0 (0%)	NA	NA	tiSNPs	NA
chr16	34507814	34520859	chr16-34507815-INV-13045	13.05	0.01	0.3	62%	NA	NA	NA	None	NA
chr16	34577841	34580535	chr16-34577842-INV-2694	2.69	0.86	2.29	70%	NA	NA	NA	None	NA
chr16	46383780	46384105	chr16-46383781-INV-325	0.33	0.5	1.88	72%	NA	NA	NA	None	NA
chr17	3082008	3221835	chr17-3052058-INV-200164	139.83	0.01	31.61	95%	0 (0%)	7.43e-06 [2.17e-06 ,1.00e-05]	1 [1.00 ,1.00]	tiSNPs & haplotype anaylsis	NA
chr17	5982838	5983104	chr17-5982217-INV-1513	0.27	0.73	1.71	85%	NA	NA	NA	None	NA
chr17	16823490	18384190	chr17-16823491-INV-1560701	1,560.70	0.02	0.32	64%	0 (0%)	1.55e-05 [6.20e-06 ,2.18e-05]	2 [1.00 ,2.00]	tiSNPs & haplotype anaylsis	NA
chr17	18622359	18823773	chr17-18677352-INV-146444	201.41	0.02	24.33	98%	0 (0%)	NA	NA	tiSNPs	NA
chr17	36109569	36223772	chr17-36109570-INV-114204	114.20	0.07	0.19	63%	0 (0%)	4.60e-05 [3.39e-05 ,5.91e-05]	5 [4.00 ,5.00]	tiSNPs & haplotype anaylsis	NA
chr17	37415181	37415638	chr17-37415091-INV-607	0.46	0.5	0.33	72%	NA	NA	NA	None	NA
chr17	43232908	43321964	chr17-43231917-INV-93156	89.06	0.98	1.67	93%	0 (0%)	NA	NA	tiSNPs	NA
chr17	43263148	43322883	chr17-43263149-INV-59735	59.74	0.98	2.2	87%	0 (0%)	NA	NA	tiSNPs	NA
chr17	45573556	45585158	chr17-45573557-INV-11603	11.60	0.25	0.68	76%	0 (0%)	1.29e-05 [1.32e-05 ,2.43e-05]	1 [1.10 ,4.90]	tiSNPs & haplotype anaylsis	NA
chr18	29783947	29784342	chr18-29783948-INV-395	0.40	0.13	0.47	62%	NA	NA	NA	None	NA
chr2	88861564	88886160	chr2-88859192-INV-39467	24.60	0.15	0.1	64%	NA	NA	NA	None	NA
chr2	90060918	90216479	chr2-90060919-INV-155562	155.56	0.07	0.32	76%	0 (0%)	NA	NA	tiSNPs	NA
chr2	90286375	90379428	chr2-90286376-INV-93054	93.05	0.3	0.17	62%	0 (0%)	4.36e-05 [3.44e-05 ,5.21e-05]	4 [3.05 ,4.00]	tiSNPs & haplotype anaylsis	NA
chr2	94191333	94294046	chr2-94191334-INV-102714	102.71	0.02	0.22	72%	0 (0%)	NA	NA	tiSNPs	NA
chr2	97348052	97360454	chr2-97340523-INV-28715	12.40	0.49	60	98%	4 (28.57%)	NA	NA	tiSNPs	NA
chr2	110095177	110276210	chr2-110095179-INV-181032	181.03	0.64	60.01	99%	0 (0%)	9.38e-05 [2.04e-05 ,1.51e-04]	14 [2.00 ,15.00]	tiSNPs & haplotype anaylsis	NA
chr2	236356880	236358489	chr2-236356297-INV-2677	1.61	0.07	3.04	70%	0 (0%)	NA	NA	tiSNPs	NA
chr2	240685789	240688966	chr2-240674170-INV-26389	3.18	0.36	13.49	92%	1 (10%)	NA	NA	tiSNPs	NA
chr20	28751288	28752630	chr20-28751289-INV-1342	1.34	0.5	19.48	61%	NA	NA	NA	None	NA
chr20	29257746	29419750	chr20-29257747-INV-162005	162.00	0.01	0.05	69%	0 (0%)	7.80e-06 [5.72e-06 ,9.57e-06]	1 [1.00 ,1.00]	tiSNPs & haplotype anaylsis	NA
chr21	13205437	13221054	chr21-13205468-INV-15566	15.62	0.05	0.66	67%	0 (0%)	NA	NA	tiSNPs	NA
chr22	21201771	21280466	chr22-21201772-INV-78695	78.70	0.03	0.97	70%	0 (0%)	NA	NA	tiSNPs	NA
chr3	28417060	28417483	chr3-28414484-INV-5621	0.42	0.15	5.63	93%	NA	NA	NA	None	NA
chr3	162827574	162829855	chr3-162827167-INV-3077	2.28	0.23	1.14	73%	NA	NA	NA	None	NA
chr3	195680054	195724206	chr3-195680055-INV-44153	44.15	0.5	0.09	57%	0 (0%)	NA	NA	tiSNPs	NA
chr4	40233406	40235439	chr4-40233409-INV-2010	2.03	0.3	0.4	74%	0 (0%)	NA	NA	tiSNPs	NA
chr4	49284664	49291017	chr4-49284665-INV-6354	6.35	0.36	0.14	84%	NA	NA	NA	None	NA
chr4	49291019	49325004	chr4-49291020-INV-33986	33.99	0.51	21.92	92%	5 (7.69%)	NA	NA	tiSNPs	NA
chr4	156905870	156912808	chr4-156904334-INV-8519	6.94	0.01	0.3	73%	NA	NA	NA	None	NA
chr4	187950173	187954784	chr4-187948402-INV-8158	4.61	0.35	1.95	98%	NA	NA	NA	None	NA
chr5	17580905	17592445	chr5-17580906-INV-11540	11.54	0.16	0.08	70%	NA	NA	NA	None	NA
chr5	21479305	21500726	chr5-21479306-INV-21422	21.42	0.02	0.26	72%	0 (0%)	NA	NA	tiSNPs	NA
chr5	29069229	29069523	chr5-29069209-INV-308	0.29	0.45	0.4	73%	NA	NA	NA	None	NA
chr5	47061568	47082062	chr5-47061569-INV-20494	20.49	0.33	26.31	68%	0 (0%)	NA	NA	tiSNPs	NA
chr5	47105115	47151367	chr5-47105116-INV-46253	46.25	0.66	20.59	72%	0 (0%)	NA	NA	tiSNPs	NA
chr5	70527773	70533912	chr5-70527774-INV-6139	6.14	0.01	0.31	73%	NA	NA	NA	None	NA
chr5	71009586	71093997	chr5-71009587-INV-84412	84.41	0.06	0.64	60%	0 (0%)	1.35e-05 [1.39e-05 ,2.62e-05]	1 [1.02 ,1.98]	tiSNPs & haplotype anaylsis	NA
chr5	181098775	181100846	chr5-181095856-INV-7651	2.07	0.25	2.86	96%	2 (28.57%)	NA	NA	tiSNPs	NA
chr6	94031360	94031695	chr6-94031361-INV-335	0.34	0.56	0.39	63%	NA	NA	NA	None	NA
chr7	62290674	62363143	chr7-62290675-INV-72470	72.47	0.42	19.58	96%	12 (5.08%)	8.92e-05 [5.98e-05 ,8.96e-05]	10 [5.50 ,10.90]	tiSNPs & haplotype anaylsis	TRUE
chr7	62408486	62456444	chr7-62408487-INV-47959	47.96	0.57	2.9	71%	12 (5.91%)	9.42e-05 [4.58e-05 ,1.24e-04]	18 [9.12 ,19.00]	tiSNPs & haplotype anaylsis	TRUE
chr7	65572704	65581644	chr7-65565115-INV-74905	8.94	0.39	0.13	60%	0 (0%)	NA	NA	tiSNPs	NA
chr7	76603963	76620409	chr7-76603964-INV-16446	16.45	0.5	0.71	69%	0 (0%)	NA	NA	tiSNPs	NA
chr7	107418983	107422332	chr7-107418074-INV-5179	3.35	0.89	0.96	98%	0 (0%)	NA	NA	tiSNPs	NA
chr7	143779394	143798726	chr7-143779395-INV-19333	19.33	0.5	0.24	69%	0 (0%)	NA	NA	tiSNPs	NA
chr7	144254564	144256766	chr7-144254565-INV-2203	2.20	0.69	0.33	75%	0 (0%)	NA	NA	tiSNPs	NA
chr8	12369152	12394133	chr8-12369153-INV-24982	24.98	0.24	0.34	73%	0 (0%)	NA	NA	tiSNPs	NA
chr8	85728658	85741892	chr8-85728659-INV-13234	13.23	0.61	33.54	72%	NA	NA	NA	None	NA
chr8	85741974	85762792	chr8-85741975-INV-20818	20.82	0.43	11.1	95%	NA	NA	NA	None	NA
chr8	85769984	85821716	chr8-85769985-INV-51732	51.73	0.19	0.09	66%	0 (0%)	NA	NA	tiSNPs	NA
chr9	12004038	12074552	chr9-12016541-INV-55306	70.51	0.02	1.44	63%	0 (0%)	1.25e-05 [6.24e-06 ,1.68e-05]	2 [1.00 ,2.00]	tiSNPs & haplotype anaylsis	NA
chr9	38773640	42796744	chr9-38773641-INV-4023105	4,023.10	0.03	0.32	82%	0 (0%)	NA	NA	tiSNPs	NA
chrX	48396314	48399110	chrX-48395426-INV-4575	2.80	0.31	40.67	93%	0 (0%)	NA	NA	tiSNPs	NA
chrX	52921572	52934581	chrX-52880292-INV-93962	13.01	0.61	38.56	99%	0 (0%)	NA	NA	tiSNPs	NA
chrX	63185600	63193343	chrX-63182245-INV-13735	7.74	0.4	67.69	90%	NA	NA	NA	None	NA
chrX	106266279	106275333	chrX-106266349-INV-33658	9.05	0.39	10	99%	NA	NA	NA	None	NA
chrX	112504686	112516959	chrX-112504687-INV-12274	12.27	0.01	1.52	66%	0 (0%)	9.69e-06 [7.26e-06 ,1.19e-05]	1 [1.00 ,1.00]	tiSNPs & haplotype anaylsis	NA
chrX	135734732	135748584	chrX-135733567-INV-16180	13.85	0.22	17.45	97%	0 (0%)	5.78e-05 [3.50e-05 ,5.79e-05]	5 [3.10 ,5.00]	tiSNPs & haplotype anaylsis	NA
chrX	135765867	135794758	chrX-135765868-INV-28891	28.89	0.5	0.32	65%	NA	NA	NA	None	NA
chrX	141585256	141589189	chrX-141573056-INV-28779	3.93	0.36	12.69	98%	0 (0%)	4.37e-05 [3.74e-05 ,4.97e-05]	4 [3.05 ,4.00]	tiSNPs & haplotype anaylsis	NA
chrX	152729753	152738707	chrX-152678163-INV-111649	8.95	0.4	51.16	98%	5 (12.5%)	5.59e-05 [3.52e-05 ,5.53e-05]	5 [5.05 ,6.95]	tiSNPs & haplotype anaylsis	TRUE
chrY	6243097	6340647	chrY-6243098-INV-97551	97.55	0.47	0.4	72%	NA	5.37e-05 [4.73e-05 ,6.08e-05]	1	Y chromosome phylogeny	NA
chrY	10367644	10419983	chrY-10367645-INV-52339	52.34	0.13	0.1	58%	NA	NA	NA	None	NA
chrY	15883580	15896218	chrY-15874908-INV-30002	12.64	0.23	8.23	98%	NA	5.37e-05 [4.73e-05 ,6.08e-05]	1	Y chromosome phylogeny	NA
chrY	21053790	21063744	chrY-21052503-INV-12528	9.95	0.53	6.06	92%	NA	NA	NA	None	NA
chrY	22207318	22325285	chrY-22207319-INV-117968	117.97	0.17	0.28	63%	NA	5.37e-05 [4.73e-05 ,6.08e-05]	1	Y chromosome phylogeny	NA
chrY	6452942	9763793	chrY-6452943-INV-3310852	3,310.85	0.1	6.81	66%	NA	1.07e-04 (0.95e-04, 1.22e-04)	2	Y chromosome phylogeny	NA
chrY	9797298	9817138	chrY-9797299-INV-19841	19.84	0.43	1.9	71%	NA	1.07e-04 (0.95e-04, 1.22e-04)	2	Y chromosome phylogeny	NA
chrY	14019657	14023071	chrY-14014802-INV-12509	3.42	0.67	45.63	94%	NA	2.15e-04 (1.89e-04, 2.43e-04)	4	Y chromosome phylogeny	NA
chrY	16269646	16315779	chrY-16256794-INV-67832	46.13	0.37	59.92	99%	NA	2.68e-04 (2.37e-04, 3.04e-04)	5	Y chromosome phylogeny	NA
chrY	17949447	17956300	chrY-17949448-INV-6854	6.85	0.7	69.77	96%	NA	2.68e-04 (2.37e-04, 3.04e-04)	5	Y chromosome phylogeny	NA
chrY	18640355	18667145	chrY-18632163-INV-54113	26.79	0.13	46.67	98%	NA	1.07e-04 (0.95e-04, 1.22e-04)	2	Y chromosome phylogeny	NA
chrY	21021692	21063744	chrY-21013458-INV-38445	42.05	0.6	1.09	63%	NA	2.15e-04 (1.89e-04, 2.43e-04)	4	Y chromosome phylogeny	NA
chrY	22204071	22384088	chrY-22204072-INV-180018	180.02	0.17	64.67	99%	NA	2.68e-04 (2.37e-04, 3.04e-04)	5	Y chromosome phylogeny	NA
